{"loss_value1": 0.21450823545455933, "loss_value2": 0.18829244375228882, "loss_value3": 0.1740940511226654, "loss_value4": 0.16327184438705444, "loss_value5": 0.1546986699104309, "loss_value6": 0.14824806153774261, "loss_value7": 0.14298409223556519, "loss_value8": 0.13858169317245483, "loss_value9": 0.13483215868473053, "loss_value10": 0.131688192486763}