{"loss_value1": 0.21394984424114227, "loss_value2": 0.18845701217651367, "loss_value3": 0.17379915714263916, "loss_value4": 0.16338521242141724, "loss_value5": 0.15507900714874268, "loss_value6": 0.14835461974143982, "loss_value7": 0.14295710623264313, "loss_value8": 0.13852879405021667, "loss_value9": 0.1348133236169815, "loss_value10": 0.13163739442825317}