{"loss_value1": 0.37189969420433044, "loss_value2": 0.32969391345977783, "loss_value3": 0.3090762495994568, "loss_value4": 0.2972114086151123, "loss_value5": 0.2893022298812866, "loss_value6": 0.2839204967021942, "loss_value7": 0.27986443042755127, "loss_value8": 0.2767469584941864, "loss_value9": 0.27426809072494507, "loss_value10": 0.2721710801124573}