{"loss_value1": 0.37187573313713074, "loss_value2": 0.3296925723552704, "loss_value3": 0.3090815842151642, "loss_value4": 0.297222763299942, "loss_value5": 0.289327472448349, "loss_value6": 0.28394263982772827, "loss_value7": 0.2798779308795929, "loss_value8": 0.27676835656166077, "loss_value9": 0.27426788210868835, "loss_value10": 0.2721802890300751}